keyword,category,era,geo,surge_number,rough_peak_date,rel_to_anchor,data_mode,event_start_date,event_end_date,peak_value,peak_width_days,time_to_peak_days,tight_pad_days,width_truncated,possible_weekly_resolution,never_decays_in_scope
Ermahgerd,age_proxy,baseline,global,1,10/1/2015,1,plain text (no entity match found),10/15/2015,11/1/2015,100,17,1,45,0,0,0
Nyan Cat,age_proxy,baseline,global,1,12/1/2015,1,plain text (no entity match found),12/28/2014,11/20/2016,100,693,343,360,1,1,1
Trollface,age_proxy,baseline,global,1,12/1/2015,1,plain text (no entity match found),12/28/2014,11/20/2016,100,693,357,360,1,1,1
Whomst,age_proxy,baseline,global,1,2/1/2017,1,plain text (no entity match found),1/29/2017,3/25/2017,100,55,7,90,0,0,0
Dat boi,age_proxy,baseline,global,1,5/1/2016,1,plain text (no entity match found),5/1/2016,6/20/2016,100,50,8,90,0,0,0
Deez nuts,age_proxy,baseline,global,1,8/1/2015,1,plain text (no entity match found),8/19/2015,8/28/2015,100,9,1,45,0,0,0
Big Chungus,age_proxy,baseline,global,1,1/1/2019,1,plain text (no entity match found),12/22/2018,2/2/2019,100,42,17,45,0,0,0
Bing chilling,age_proxy,reels_covid,global,1,12/1/2022,1,plain text (no entity match found),11/13/2022,12/31/2022,100,48,4,45,1,0,1
Bing chilling,age_proxy,ai_gen,global,2,1/1/2023,0.5714,plain text (no entity match found),1/1/2023,2/15/2023,100,45,5,45,1,0,1
Ligma,age_proxy,baseline,global,1,7/1/2018,1,plain text (no entity match found),7/18/2018,7/30/2018,100,12,4,45,0,0,0
Sugma,age_proxy,baseline,global,1,7/1/2018,1,plain text (no entity match found),7/20/2018,8/5/2018,100,16,5,45,0,0,0
Sugma,age_proxy,reels_covid,global,2,8/1/2021,0.6667,plain text (no entity match found),7/27/2021,9/3/2021,100,38,2,45,0,0,0
Updog,age_proxy,baseline,global,1,7/1/2018,1,plain text (no entity match found),7/26/2018,8/7/2018,100,12,3,45,0,0,0
Updog,age_proxy,reels_covid,global,2,8/1/2020,0.875,plain text (no entity match found),8/4/2020,8/9/2020,100,5,1,45,0,0,0
Updog,age_proxy,ai_gen,global,3,12/1/2024,0.625,plain text (no entity match found),12/19/2024,2/1/2025,100,44,6,90,0,0,0
Kekw,age_proxy,reels_covid,global,1,4/1/2021,1,plain text (no entity match found),4/27/2021,5/1/2021,100,4,2,45,0,0,0
Reeee,age_proxy,baseline,global,1,10/1/2018,1,plain text (no entity match found),9/22/2018,10/13/2018,100,21,18,45,0,0,0
Reeee,age_proxy,reels_covid,global,2,1/1/2020,0.8,plain text (no entity match found),1/1/2020,1/9/2020,100,8,6,45,1,0,1
Stonks,age_proxy,baseline,global,1,10/1/2019,0.55,plain text (no entity match found),6/9/2019,12/29/2019,100,203,126,180,1,1,1
Stonks,age_proxy,reels_covid,global,2,3/1/2020,1,plain text (no entity match found),1/1/2020,5/30/2020,100,150,71,90,1,0,1
Sadge,age_proxy,reels_covid,global,1,3/1/2021,1,plain text (no entity match found),5/17/2020,12/25/2022,100,952,294,720,1,1,1
Malding,age_proxy,baseline,global,1,7/1/2019,1,plain text (no entity match found),6/26/2019,7/3/2019,100,7,4,45,0,0,0
Malding,age_proxy,reels_covid,global,2,1/1/2020,1,plain text (no entity match found),2/19/2020,3/2/2020,100,12,4,90,0,0,0
Malding,age_proxy,ai_gen,global,3,1/1/2023,1,plain text (no entity match found),1/1/2023,1/30/2023,100,29,4,45,1,0,1
Pepega,age_proxy,baseline,global,1,1/1/2019,1,plain text (no entity match found),10/14/2018,12/29/2019,100,441,77,720,1,1,1
Pepega,age_proxy,reels_covid,global,2,4/1/2020,1,plain text (no entity match found),12/29/2019,9/27/2020,100,273,91,180,1,1,1
Kappa,age_proxy,baseline,global,1,9/1/2015,1,plain text (no entity match found),12/28/2014,8/21/2016,100,602,77,360,1,1,1
Kappa,age_proxy,reels_covid,global,2,1/1/2020,0.93,plain text (no entity match found),1/1/2020,2/15/2020,100,45,8,45,1,0,1
Kappa,age_proxy,ai_gen,global,3,2/1/2026,0.95,plain text (no entity match found),2/2/2025,9/13/2026,100,588,378,360,1,1,1
Wombo combo,age_proxy,baseline,global,1,1/1/2015,1,plain text (no entity match found),1/1/2015,2/15/2015,100,45,10,45,1,0,1
Wombo combo,age_proxy,reels_covid,global,2,3/1/2021,0.5,plain text (no entity match found),3/10/2021,3/21/2021,100,11,3,45,0,0,0
Wombo combo,age_proxy,ai_gen,global,3,9/1/2025,1,plain text (no entity match found),9/15/2025,10/17/2025,100,32,12,90,0,0,0
Press F to pay respects,age_proxy,baseline,global,1,11/1/2018,1,plain text (no entity match found),11/11/2018,11/17/2018,100,6,1,45,0,0,0
Press F to pay respects,age_proxy,reels_covid,global,2,1/1/2020,0.5,plain text (no entity match found),1/3/2020,1/12/2020,100,9,3,45,0,0,0
Bofa,age_proxy,baseline,global,1,2/1/2015,1,plain text (no entity match found),1/1/2015,3/18/2015,100,76,29,45,1,0,1
Bofa,age_proxy,reels_covid,global,2,6/1/2020,0.75,plain text (no entity match found),12/29/2019,11/22/2020,100,329,105,180,1,1,1
Bofa,age_proxy,ai_gen,global,3,9/1/2025,1,plain text (no entity match found),9/10/2023,9/13/2026,100,1099,945,720,1,1,1
Sugondese,age_proxy,baseline,global,1,7/1/2018,1,plain text (no entity match found),7/22/2018,8/12/2018,100,21,2,45,0,0,0
Nae nae,age_proxy,baseline,global,1,9/1/2015,1,plain text (no entity match found),5/3/2015,2/21/2016,100,294,126,180,0,1,0
Ayy lmao,age_proxy,baseline,global,1,8/1/2015,1,plain text (no entity match found),12/28/2014,7/24/2016,100,574,315,360,1,1,1
FeelsBadMan,age_proxy,baseline,global,1,7/1/2015,1,plain text (no entity match found),5/27/2015,6/2/2015,100,6,1,45,0,0,0
FeelsGoodMan,age_proxy,baseline,global,1,7/1/2015,1,plain text (no entity match found),5/28/2015,5/30/2015,100,2,1,45,0,0,0
MonkaS,age_proxy,baseline,global,1,1/1/2018,1,plain text (no entity match found),3/19/2017,12/29/2019,100,1015,301,1440,1,1,1
PogChamp,age_proxy,reels_covid,global,1,1/1/2021,1,plain text (no entity match found),1/6/2021,1/9/2021,100,3,1,45,0,0,0
Rekt,age_proxy,baseline,global,1,3/1/2015,1,plain text (no entity match found),1/1/2015,5/30/2015,100,149,45,90,1,0,1
N00b,age_proxy,baseline,global,1,7/1/2017,1,plain text (no entity match found),7/21/2017,7/27/2017,100,6,4,45,0,0,0
Leeroy Jenkins,age_proxy,baseline,global,1,5/1/2015,1,plain text (no entity match found),5/10/2015,5/14/2015,100,4,2,45,0,0,0
All your base are belong to us,age_proxy,baseline,global,1,2/1/2015,1,plain text (no entity match found),1/19/2015,3/1/2015,100,41,23,45,0,0,0
O RLY,age_proxy,baseline,global,1,1/1/2015,1,plain text (no entity match found),1/21/2015,1/24/2015,100,3,2,45,0,0,0
Fail whale,age_proxy,baseline,global,1,1/1/2015,0.6667,plain text (no entity match found),2/8/2015,2/10/2015,100,2,1,45,0,0,0
Fail whale,age_proxy,reels_covid,global,2,11/1/2022,1,plain text (no entity match found),11/17/2022,11/23/2022,100,6,4,45,0,0,0
Fail whale,age_proxy,ai_gen,global,3,5/1/2026,0.6667,plain text (no entity match found),6/6/2026,6/8/2026,100,2,1,45,0,0,0
U mad bro,age_proxy,baseline,global,1,2/1/2015,1,plain text (no entity match found),1/31/2015,2/4/2015,100,4,2,45,0,0,0
Heckin chonker,age_proxy,ai_gen,global,1,6/1/2023,1,plain text (no entity match found),6/3/2023,6/5/2023,100,2,1,45,0,0,0
Ight Imma head out,age_proxy,baseline,global,1,9/1/2019,1,plain text (no entity match found),8/28/2019,11/3/2019,100,67,3,90,0,0,0
Sad boi hours,age_proxy,baseline,global,1,11/1/2018,1,plain text (no entity match found),10/1/2018,10/3/2018,100,2,1,45,0,0,0
Sad boi hours,age_proxy,reels_covid,global,2,1/1/2020,1,plain text (no entity match found),1/24/2020,1/26/2020,100,2,1,45,0,0,0
Thot (slang),age_proxy,baseline,global,1,1/1/2015,1,plain text (no entity match found),2/7/2015,2/9/2015,100,2,1,45,0,0,0
Thot (slang),age_proxy,ai_gen,global,3,6/1/2023,1,plain text (no entity match found),6/10/2023,6/14/2023,100,4,1,45,0,0,0
Doot doot (meme),age_proxy,baseline,global,1,10/1/2018,1,plain text (no entity match found),9/30/2018,10/8/2018,100,8,3,45,0,0,0
Doot doot (meme),age_proxy,ai_gen,global,2,10/1/2025,1,plain text (no entity match found),9/2/2025,9/7/2025,100,5,3,45,0,0,0
Kermit sipping tea,age_proxy,baseline,global,1,6/1/2016,1,plain text (no entity match found),6/19/2016,6/24/2016,100,5,2,45,0,0,0
Loss (meme),age_proxy,baseline,global,1,6/1/2018,1,plain text (no entity match found),5/29/2018,7/31/2018,100,63,5,90,0,0,0
Woman yelling at cat,age_proxy,baseline,global,1,11/1/2019,1,plain text (no entity match found),10/27/2019,12/15/2019,100,49,13,45,0,0,0
Chocolate rain,age_proxy,baseline,global,1,2/1/2015,0.5833,plain text (no entity match found),1/1/2015,3/18/2015,100,76,35,45,1,0,1
Chocolate rain,age_proxy,reels_covid,global,2,6/1/2020,0.5,plain text (no entity match found),5/31/2020,6/7/2020,100,7,1,45,0,0,0
Chocolate rain,age_proxy,ai_gen,global,3,4/1/2026,1,plain text (no entity match found),9/28/2025,9/13/2026,100,350,196,180,1,1,1
Keyboard cat,age_proxy,ai_gen,global,1,4/1/2026,1,plain text (no entity match found),3/23/2026,6/7/2026,100,76,5,90,0,0,0
Peanut butter jelly time,age_proxy,baseline,global,1,9/1/2015,1,plain text (no entity match found),10/13/2015,10/18/2015,100,5,1,90,0,0,0
Peanut butter jelly time,age_proxy,reels_covid,global,2,5/1/2020,0.6667,plain text (no entity match found),4/20/2020,5/16/2020,100,26,11,45,0,0,0
Peanut butter jelly time,age_proxy,ai_gen,global,3,4/1/2023,0.5833,plain text (no entity match found),4/6/2023,4/22/2023,100,16,5,45,0,0,0
David after dentist,age_proxy,baseline,global,1,1/1/2015,1,plain text (no entity match found),1/2/2015,1/4/2015,100,2,1,45,0,0,0
David after dentist,age_proxy,reels_covid,global,2,5/1/2021,1,plain text (no entity match found),5/9/2021,5/12/2021,100,3,1,45,0,0,0
Charlie bit my finger,age_proxy,reels_covid,global,1,5/1/2021,1,plain text (no entity match found),5/20/2021,5/28/2021,100,8,5,45,0,0,0
And I oop,age_proxy,baseline,global,1,9/1/2019,1,plain text (no entity match found),5/5/2019,12/29/2019,100,238,126,180,1,1,1
Aura points,age_proxy,ai_gen,global,1,6/1/2024,1,plain text (no entity match found),5/5/2024,4/27/2025,100,357,49,360,0,1,0
Baby Gronk,age_proxy,ai_gen,global,1,6/1/2023,1,plain text (no entity match found),6/6/2023,6/19/2023,100,13,3,45,0,0,0
Big yikes,age_proxy,ai_gen,global,1,6/1/2023,1,plain text (no entity match found),6/7/2023,6/11/2023,100,4,1,45,0,0,0
bussin,age_proxy,reels_covid,global,1,4/1/2021 0:00,0.5,plain text (no entity match found),1/3/2021 0:00,12/25/2022 0:00,100,721,98,720,1,1,1
bussin,age_proxy,ai_gen,global,2,7/1/2026 0:00,1,plain text (no entity match found),7/12/2026 0:00,7/14/2026 0:00,100,2,1,45,0,0,0
cheugy,age_proxy,reels_covid,global,1,5/1/2021 0:00,1,plain text (no entity match found),5/3/2021 0:00,6/2/2021 0:00,100,30,11,45,0,0,0
Delulu,age_proxy,ai_gen,global,1,9/1/2023,1,plain text (no entity match found),4/30/2023,9/6/2026,100,1225,875,1440,1,1,1
Do it for the vine,age_proxy,baseline,global,1,1/1/2015,1,plain text (no entity match found),2/5/2015,2/21/2015,100,16,2,90,0,0,0
Down bad,age_proxy,ai_gen,global,1,4/1/2024,1,plain text (no entity match found),4/18/2024,4/23/2024,100,5,1,45,0,0,0
E-girl aesthetic,age_proxy,reels_covid,global,1,1/1/2021,1,plain text (no entity match found),12/22/2020,12/24/2020,100,2,1,45,0,0,0
Fanum tax,age_proxy,ai_gen,global,1,10/1/2023,1,plain text (no entity match found),10/1/2023,1/14/2024,100,105,14,180,0,1,0
Girl dinner,age_proxy,ai_gen,global,1,7/1/2023,1,plain text (no entity match found),7/2/2023,2/25/2024,100,238,21,360,0,1,0
gyat,age_proxy,ai_gen,global,1,10/1/2023 0:00,1,plain text (no entity match found),4/23/2023 0:00,10/19/2025 0:00,100,910,175,1440,0,1,0
Hawk Tuah,age_proxy,ai_gen,global,1,6/1/2024 0:00,1,plain text (no entity match found),6/18/2024 0:00,7/6/2024 0:00,100,18,4,45,0,0,0
Italian brainrot,age_proxy,ai_gen,global,1,5/1/2025 0:00,1,plain text (no entity match found),3/30/2025 0:00,11/2/2025 0:00,100,217,28,360,0,1,0
lit,age_proxy,baseline,global,1,11/1/2019 0:00,0.87,plain text (no entity match found),8/3/2019 0:00,12/31/2019 0:00,100,150,120,90,1,0,1
lit,age_proxy,reels_covid,global,2,11/1/2020 0:00,0.92,plain text (no entity match found),12/29/2019 0:00,10/24/2021 0:00,100,665,329,360,1,1,1
lit,age_proxy,ai_gen,global,3,10/1/2023 0:00,1,plain text (no entity match found),1/1/2023 0:00,9/22/2024 0:00,100,630,273,360,1,1,1
Mewing,age_proxy,ai_gen,global,1,2/1/2024,1,plain text (no entity match found),9/24/2023,1/19/2025,100,483,154,360,0,1,0
Netflix and chill,age_proxy,baseline,global,1,10/1/2015,1,plain text (no entity match found),8/2/2015,2/14/2016,100,196,56,180,0,1,0
no cap,age_proxy,baseline,global,1,7/1/2018 0:00,0.5789,plain text (no entity match found),7/10/2016 0:00,12/29/2019 0:00,100,1267,1267,720,1,1,1
no cap,age_proxy,reels_covid,global,2,7/1/2020 0:00,0.8947,plain text (no entity match found),12/29/2019 0:00,6/20/2021 0:00,100,539,343,360,1,1,1
no cap,age_proxy,ai_gen,global,3,4/1/2026 0:00,1,plain text (no entity match found),9/28/2025 0:00,9/6/2026 0:00,100,343,245,180,1,1,1
Ok boomer,age_proxy,baseline,global,1,11/1/2019,1,plain text (no entity match found),11/3/2019,12/23/2019,100,50,4,90,0,0,0
on fleek,age_proxy,baseline,global,1,1/1/2015 0:00,1,plain text (no entity match found),1/1/2015 0:00,2/15/2015 0:00,100,45,37,45,1,0,1
On Wednesdays we wear pink meme,age_proxy,baseline,global,1,10/1/2018,0.95,plain text (no entity match found),10/2/2018,10/4/2018,100,2,1,45,0,0,0
On Wednesdays we wear pink meme,age_proxy,reels_covid,global,2,10/1/2022,1,plain text (no entity match found),10/18/2022,10/21/2022,100,3,1,45,0,0,0
On Wednesdays we wear pink meme,age_proxy,ai_gen,global,3,1/1/2023,0.64,plain text (no entity match found),1/24/2023,1/26/2023,100,2,1,45,0,0,0
Only in Ohio meme,age_proxy,reels_covid,global,1,11/1/2022,1,plain text (no entity match found),10/29/2022,12/3/2022,100,35,17,45,0,0,0
Only in Ohio meme,age_proxy,ai_gen,global,2,1/1/2023,0.6667,plain text (no entity match found),1/8/2023,1/15/2023,100,7,1,45,0,0,0
Poggers,age_proxy,reels_covid,global,1,12/1/2020,1,plain text (no entity match found),3/8/2020,8/15/2021,100,525,301,360,0,1,0
rizz,age_proxy,reels_covid,global,1,12/1/2022 0:00,0.7778,plain text (no entity match found),10/17/2022 0:00,12/31/2022 0:00,100,75,67,45,1,0,1
rizz,age_proxy,ai_gen,global,2,12/1/2023 0:00,1,plain text (no entity match found),1/1/2023 0:00,11/24/2024 0:00,100,693,336,360,1,1,1
Sheesh (slang),age_proxy,reels_covid,global,1,4/1/2021,1,plain text (no entity match found),5/15/2021,5/17/2021,100,2,1,90,0,0,0
Sheesh (slang),age_proxy,ai_gen,global,2,12/1/2023,1,plain text (no entity match found),11/30/2023,12/2/2023,100,2,1,45,0,0,0
Sigma grindset,age_proxy,reels_covid,global,1,8/1/2021,1,plain text (no entity match found),7/22/2021,10/21/2021,100,91,16,90,0,0,0
Sigma grindset,age_proxy,ai_gen,global,2,1/1/2023,0.5,plain text (no entity match found),1/23/2023,1/29/2023,100,6,4,45,0,0,0
simp,age_proxy,reels_covid,global,1,3/1/2020 0:00,1,plain text (no entity match found),12/29/2019 0:00,2/21/2021 0:00,100,420,84,360,1,1,1
skibidi toilet,age_proxy,ai_gen,global,1,10/1/2023 0:00,1,plain text (no entity match found),5/28/2023 0:00,4/13/2025 0:00,100,686,567,720,0,1,0
Sksksk,age_proxy,baseline,global,1,9/1/2019,1,plain text (no entity match found),8/8/2019,11/27/2019,100,111,35,90,0,0,0
sus among us,age_proxy,reels_covid,global,1,10/1/2020 0:00,1,plain text (no entity match found),9/17/2020 0:00,12/26/2020 0:00,100,100,18,90,0,0,0
throw shade,age_proxy,baseline,global,1,4/1/2015 0:00,1,plain text (no entity match found),4/8/2015 0:00,4/13/2015 0:00,100,5,2,45,0,0,0
throw shade,age_proxy,reels_covid,global,2,5/1/2020 0:00,1,plain text (no entity match found),4/17/2020 0:00,5/26/2020 0:00,100,39,36,45,0,0,0
throw shade,age_proxy,ai_gen,global,3,2/1/2026 0:00,1,plain text (no entity match found),2/6/2026 0:00,3/1/2026 0:00,100,23,10,45,0,0,0
Understood the assignment,age_proxy,reels_covid,global,1,10/1/2021,1,plain text (no entity match found),9/12/2021,12/13/2021,100,92,28,90,0,0,0
Vibe check,age_proxy,baseline,global,1,11/1/2019,1,plain text (no entity match found),10/20/2019,11/27/2019,100,38,10,45,0,0,0
VSCO girl,age_proxy,baseline,global,1,9/1/2019 0:00,1,plain text (no entity match found),7/28/2019 0:00,12/29/2019 0:00,100,154,70,180,1,1,1
yeet,age_proxy,baseline,global,1,10/1/2019 0:00,1,plain text (no entity match found),3/31/2019 0:00,12/29/2019 0:00,100,273,203,180,1,1,1
yeet,age_proxy,reels_covid,global,2,1/1/2020 0:00,0.76,plain text (no entity match found),1/1/2020 0:00,2/15/2020 0:00,100,45,23,45,1,0,1
Zoomer generation,age_proxy,baseline,global,1,11/1/2019,1,plain text (no entity match found),11/1/2019,11/29/2019,100,28,6,45,0,0,0
Zoomer generation,age_proxy,reels_covid,global,2,6/1/2020,0.6667,plain text (no entity match found),6/20/2020,6/25/2020,100,5,1,45,0,0,0
Zoomer generation,age_proxy,ai_gen,global,3,1/1/2025,1,plain text (no entity match found),1/16/2025,1/19/2025,100,3,1,45,0,0,0
Weeb,age_proxy,baseline,global,1,5/1/2015,1,plain text (no entity match found),5/19/2015,6/10/2015,100,22,11,45,0,0,0
Weeb,age_proxy,reels_covid,global,2,9/1/2020,0.52,plain text (no entity match found),12/29/2019,8/22/2021,100,602,378,360,1,1,1
Otaku,age_proxy,baseline,global,1,7/1/2015,0.5526,plain text (no entity match found),12/28/2014,6/19/2016,100,539,350,360,1,1,1
Otaku,age_proxy,reels_covid,global,2,12/1/2020,1,plain text (no entity match found),12/11/2020,12/21/2020,100,10,4,45,0,0,0
Otaku,age_proxy,ai_gen,global,3,5/1/2026,0.7632,plain text (no entity match found),11/2/2025,9/13/2026,100,315,175,180,1,1,1
Waifu,age_proxy,reels_covid,global,1,5/1/2020,1,plain text (no entity match found),12/29/2019,10/25/2020,100,301,126,180,1,1,1
Waifu,age_proxy,ai_gen,global,2,7/1/2023,0.7037,plain text (no entity match found),1/1/2023,6/23/2024,100,539,182,360,1,1,1
Baka,age_proxy,baseline,global,1,1/1/2015,0.7381,plain text (no entity match found),1/1/2015,2/15/2015,100,45,9,45,1,0,1
Baka,age_proxy,reels_covid,global,2,9/1/2021,1,plain text (no entity match found),12/29/2019,12/25/2022,100,1092,700,720,1,1,1
Baka,age_proxy,ai_gen,global,3,2/1/2026,0.6905,plain text (no entity match found),11/14/2025,2/13/2026,100,91,79,90,0,0,0
Kawaii,age_proxy,baseline,global,1,12/1/2017,0.85,plain text (no entity match found),12/28/2014,12/29/2019,100,1827,1085,1440,1,1,1
Kawaii,age_proxy,reels_covid,global,2,6/1/2021,1,plain text (no entity match found),12/29/2019,12/25/2022,100,1092,84,720,1,1,1
Kawaii,age_proxy,ai_gen,global,3,2/1/2026,0.99,plain text (no entity match found),2/2/2025,9/13/2026,100,588,378,360,1,1,1
Maknae,age_proxy,baseline,global,1,12/1/2017,0.6364,plain text (no entity match found),12/28/2014,12/29/2019,100,1827,1092,1440,1,1,1
Maknae,age_proxy,reels_covid,global,2,5/1/2020,1,plain text (no entity match found),12/29/2019,10/25/2020,100,301,140,180,1,1,1
Maknae,age_proxy,ai_gen,global,3,9/1/2026,0.8182,plain text (no entity match found),7/18/2026,9/15/2026,100,59,50,45,1,0,1
Aegyo,age_proxy,baseline,global,1,6/1/2017,1,plain text (no entity match found),12/28/2014,12/29/2019,100,1827,1092,1440,1,1,1
Aegyo,age_proxy,reels_covid,global,2,4/1/2020,0.9,plain text (no entity match found),12/29/2019,9/27/2020,100,273,147,180,1,1,1
Aegyo,age_proxy,ai_gen,global,3,9/1/2026,1,plain text (no entity match found),7/18/2026,9/15/2026,100,59,25,45,1,0,1
Bias wrecker,age_proxy,reels_covid,global,1,6/1/2021,1,plain text (no entity match found),12/29/2019,12/25/2022,100,1092,735,720,1,1,1
Bias wrecker,age_proxy,ai_gen,global,2,5/1/2023,0.8,plain text (no entity match found),5/4/2023,5/15/2023,100,11,3,45,0,0,0
PLUR,age_proxy,baseline,global,1,2/1/2017,0.9,plain text (no entity match found),2/19/2017,2/27/2017,100,8,4,45,0,0,0
PLUR,age_proxy,reels_covid,global,2,1/1/2020,0.5,plain text (no entity match found),1/1/2020,2/15/2020,100,45,27,45,1,0,1
PLUR,age_proxy,ai_gen,global,3,7/1/2025,1,plain text (no entity match found),7/9/2023,9/13/2026,100,1162,728,720,1,1,1
Kandi,age_proxy,baseline,global,1,1/1/2016,0.86,plain text (no entity match found),12/28/2014,12/17/2017,100,1085,371,720,1,1,1
Kandi,age_proxy,reels_covid,global,2,5/1/2020,1,plain text (no entity match found),5/20/2020,5/23/2020,100,3,1,45,0,0,0
Kandi,age_proxy,ai_gen,global,3,11/1/2025,0.68,plain text (no entity match found),11/20/2025,11/27/2025,100,7,2,45,0,0,0
Kiki,age_proxy,baseline,global,1,8/1/2018,1,plain text (no entity match found),7/7/2018,9/10/2018,100,65,28,45,0,0,0
Gacha,age_proxy,baseline,global,1,12/1/2019,0.5439,plain text (no entity match found),10/17/2019,12/31/2019,100,75,72,45,1,0,1
Gacha,age_proxy,reels_covid,global,2,12/1/2021,1,plain text (no entity match found),12/29/2019,12/25/2022,100,1092,1092,720,1,1,1
Gacha,age_proxy,ai_gen,global,3,1/1/2023,0.7895,plain text (no entity match found),1/1/2023,2/15/2023,100,45,0,45,1,0,1
Dark academia,age_proxy,reels_covid,global,1,12/1/2020,1,plain text (no entity match found),6/28/2020,12/25/2022,100,910,182,1440,1,1,1
Dark academia,age_proxy,ai_gen,global,2,1/1/2023,0.5,plain text (no entity match found),1/1/2023,2/15/2023,100,45,5,45,1,0,1
Cottagecore,age_proxy,reels_covid,global,1,11/1/2020,1,plain text (no entity match found),11/14/2020,11/25/2020,100,11,2,45,0,0,0
Cottagecore,age_proxy,ai_gen,global,2,2/1/2026,1,plain text (no entity match found),2/6/2026,2/28/2026,100,22,9,45,0,0,0
Vaporwave,age_proxy,baseline,global,1,10/1/2016,1,plain text (no entity match found),3/15/2015,12/29/2019,100,1750,777,1440,1,1,1
Vaporwave,age_proxy,reels_covid,global,2,1/1/2020,0.6667,plain text (no entity match found),1/1/2020,2/15/2020,100,45,32,45,1,0,1
Vaporwave,age_proxy,ai_gen,global,3,2/1/2026,0.6667,plain text (no entity match found),2/6/2026,2/28/2026,100,22,9,45,0,0,0
OTP,age_proxy,baseline,global,1,7/1/2019,0.69,plain text (no entity match found),7/1/2018,12/29/2019,100,546,518,360,1,1,1
OTP,age_proxy,reels_covid,global,2,3/1/2022,0.94,plain text (no entity match found),2/28/2021,12/25/2022,100,665,364,360,1,1,1
OTP,age_proxy,ai_gen,global,3,7/1/2026,1,plain text (no entity match found),4/2/2026,9/15/2026,100,166,97,90,1,0,1
Headcanon,age_proxy,ai_gen,global,1,6/1/2024,1,plain text (no entity match found),6/2/2024,6/18/2024,100,16,3,45,0,0,0
Brony,age_proxy,baseline,global,1,1/1/2015,1,plain text (no entity match found),1/1/2015,2/15/2015,100,45,17,45,1,0,1
Scene kid,age_proxy,baseline,global,1,4/1/2019,0.6667,plain text (no entity match found),4/22/2019,5/15/2019,100,23,6,45,0,0,0
Scene kid,age_proxy,reels_covid,global,2,7/1/2020,0.6667,plain text (no entity match found),12/29/2019,6/20/2021,100,539,210,360,1,1,1
Scene kid,age_proxy,ai_gen,global,3,6/1/2025,1,plain text (no entity match found),5/27/2025,7/1/2025,100,35,5,45,0,0,0
Isekai,age_proxy,reels_covid,global,1,7/1/2022,0.9341,plain text (no entity match found),5/27/2022,6/22/2022,100,26,3,45,0,0,0
Isekai,age_proxy,ai_gen,global,2,4/1/2023,1,plain text (no entity match found),1/1/2023,6/30/2023,100,180,93,90,1,0,1
Shonen,age_proxy,baseline,global,1,1/1/2015,0.619,plain text (no entity match found),1/1/2015,2/15/2015,100,45,0,45,1,0,1
Shonen,age_proxy,reels_covid,global,2,1/1/2021,0.9048,plain text (no entity match found),12/29/2019,12/18/2022,100,1085,357,720,1,1,1
Shonen,age_proxy,ai_gen,global,3,5/1/2026,1,plain text (no entity match found),11/2/2025,9/13/2026,100,315,245,180,1,1,1
Senpai,age_proxy,baseline,global,1,12/1/2018,0.5072,plain text (no entity match found),12/11/2016,12/29/2019,100,1113,742,720,1,1,1
Senpai,age_proxy,reels_covid,global,2,5/1/2021,1,plain text (no entity match found),12/29/2019,12/25/2022,100,1092,595,720,1,1,1
Senpai,age_proxy,ai_gen,global,3,12/1/2025,0.6522,plain text (no entity match found),12/1/2024,9/13/2026,100,651,385,360,1,1,1
Tsundere,age_proxy,ai_gen,global,1,5/1/2026,1,plain text (no entity match found),5/20/2026,5/30/2026,100,10,2,45,0,0,0
Yandere,age_proxy,baseline,global,1,6/1/2016,1,plain text (no entity match found),3/22/2015,12/29/2019,100,1743,147,1440,1,1,1
Yandere,age_proxy,reels_covid,global,2,7/1/2020,0.67,plain text (no entity match found),12/29/2019,6/20/2021,100,539,245,360,1,1,1
Yandere,age_proxy,ai_gen,global,3,6/1/2024,0.76,plain text (no entity match found),1/1/2023,5/17/2026,100,1232,266,720,1,1,1
Chibi,age_proxy,baseline,global,1,5/1/2015,1,"TOPIC entity ('Red Cliff', type=Film)",12/28/2014,10/25/2015,100,301,126,180,1,1,1
Chibi,age_proxy,reels_covid,global,2,1/1/2022,1,"TOPIC entity ('Red Cliff', type=Film)",12/31/2021,1/3/2022,100,3,1,45,0,0,0
Chibi,age_proxy,ai_gen,global,3,7/1/2023,0.6,"TOPIC entity ('Red Cliff', type=Film)",6/17/2023,8/31/2023,100,75,64,90,0,0,0
Best girl,age_proxy,ai_gen,global,1,2/1/2026,1,plain text (no entity match found),2/2/2025,9/13/2026,100,588,378,360,1,1,1
Fursona,age_proxy,baseline,global,1,3/1/2016,1,plain text (no entity match found),1/22/2016,3/31/2016,100,69,62,45,0,0,0
Fursona,age_proxy,reels_covid,global,2,1/1/2020,1,plain text (no entity match found),1/1/2020,2/15/2020,100,45,18,45,1,0,1
Fursona,age_proxy,ai_gen,global,3,1/1/2023,1,plain text (no entity match found),1/1/2023,2/15/2023,100,45,35,45,1,0,1
Cosplay,age_proxy,baseline,global,1,10/1/2015,1,plain text (no entity match found),12/28/2014,9/25/2016,100,637,301,360,1,1,1
Cosplay,age_proxy,reels_covid,global,2,10/1/2022,0.91,plain text (no entity match found),4/3/2022,12/25/2022,100,266,203,180,1,1,1
Cosplay,age_proxy,ai_gen,global,3,10/1/2025,0.95,plain text (no entity match found),10/6/2024,9/13/2026,100,707,385,360,1,1,1
Werk,age_proxy,baseline,global,1,3/1/2015,0.92,plain text (no entity match found),1/1/2015,5/30/2015,100,149,18,90,1,0,1
Werk,age_proxy,reels_covid,global,2,12/1/2020,0.84,plain text (no entity match found),12/26/2020,12/31/2020,100,5,2,45,0,0,0
Werk,age_proxy,ai_gen,global,3,9/1/2026,1,plain text (no entity match found),7/18/2026,9/15/2026,100,59,54,45,1,0,1
