keyword,category,era,sample_size_all,sample_size_shorts,sample_size_videos,above_threshold_all,above_threshold_shorts,above_threshold_videos,below_threshold_all,below_threshold_shorts,below_threshold_videos,pct_above_threshold_all,pct_above_threshold_shorts,pct_above_threshold_videos,median_views_all,median_views_shorts,median_views_videos,mean_views_all,mean_views_shorts,mean_views_videos,min_views_seen_all,min_views_seen_shorts,min_views_seen_videos,max_views_seen_all,max_views_seen_shorts,max_views_seen_videos,total_views_all,total_views_shorts,total_views_videos,error
All your base are belong to us,age_proxy,baseline,220,69,151,75,25,50,145,44,101,34.1,36.2,33.1,312,363,303,1744543,3446732,966722,2,16,2,108746959,108746959,53716713,383799460,237824508,145975022,
And I oop,age_proxy,baseline,150,124,26,74,55,19,76,69,7,49.3,44.4,73.1,974,731,7167,71059,60967,119187,61,73,61,2489325,2489325,1474793,10658850,7559908,3098862,
Aura points,age_proxy,ai_gen,300,284,16,272,257,15,28,27,1,90.7,90.5,93.8,35138,38966,16623,2717535,2864542,108167,3,3,21,81373462,81373462,1004419,815260500,813529928,1730672,
Ayy lmao,age_proxy,baseline,494,389,105,64,47,17,430,342,88,13,12.1,16.2,97,93,102,13426,4407,46842,1,1,7,1242714,510117,1242714,6632444,1714323,4918410,
Baby Gronk,age_proxy,ai_gen,330,197,133,238,138,100,92,59,33,72.1,70.1,75.2,3181,2718,4181,1053989,1660606,155466,2,2,3,81543332,81543332,10823889,347816370,327139382,20676978,
Big Chungus,age_proxy,baseline,497,344,153,358,237,121,139,107,32,72,68.9,79.1,3001,2274,10115,276032,243756,348601,18,18,152,15570410,15570410,10916908,137187904,83852064,53335953,
Big yikes,age_proxy,ai_gen,50,43,7,35,30,5,15,13,2,70,69.8,71.4,3074,2756,39349,15480975,4733012,81504173,0,0,4,570204256,73644705,570204256,774048750,203519516,570529211,
Bing chilling,age_proxy,ai_gen,250,246,4,233,229,4,17,17,0,93.2,93.1,100,5389,5331,35876,2952474,2999551,57254,0,0,12418,141106636,141106636,144847,738118500,737889546,229016,
Bing chilling,age_proxy,reels_covid,134,126,8,123,116,7,11,10,1,91.8,92.1,87.5,37390,37390,50685,3329249,3473742,1053485,81,152,81,70399625,70399625,5909880,446119366,437691492,8427880,
Bofa,age_proxy,baseline,371,258,113,191,114,77,180,144,36,51.5,44.2,68.1,1128,713,3941,250451,23284,769114,2,2,3,51097596,877753,51097596,92917321,6007272,86909882,
Bofa,age_proxy,ai_gen,500,235,265,403,172,231,97,63,34,80.6,73.2,87.2,7639,4762,10969,739236,67051,1335326,0,0,0,340628067,5677314,340628067,369618000,15756985,353861390,
Bofa,age_proxy,reels_covid,500,179,321,276,77,199,224,102,122,55.2,43,62,1317,747,2403,9085,3659,12111,1,6,1,323204,68549,323204,4542500,654961,3887631,
Charlie bit my finger,age_proxy,reels_covid,350,279,71,86,39,47,264,240,24,24.6,14,66.2,104,71,2948,318215,336739,245425,0,0,12,76650843,76650843,7703189,111375250,93950181,17425175,
Chocolate rain,age_proxy,baseline,200,113,87,47,14,33,153,99,54,23.5,12.4,37.9,182,138,308,193362,1634,442388,5,5,5,13117056,86117,13117056,38672400,184642,38487756,
Chocolate rain,age_proxy,ai_gen,500,427,73,258,236,22,242,191,51,51.6,55.3,30.1,1146,1337,40,369496,412847,115921,0,0,0,52774767,52774767,4921270,184748000,176285669,8462233,
Chocolate rain,age_proxy,reels_covid,110,63,47,36,13,23,74,50,24,32.7,20.6,48.9,222,44,906,7631092,129265,17686733,1,1,6,224679082,6181725,224679082,839420120,8143695,831276451,
Dat boi,age_proxy,baseline,250,209,41,94,74,20,156,135,21,37.6,35.4,48.8,418,397,985,110503,109560,115312,11,11,14,17457416,17457416,3415060,27625750,22898040,4727792,
David after dentist,age_proxy,baseline,104,50,54,30,7,23,74,43,31,28.8,14,42.6,256,171,354,41384,52366,31215,6,6,10,2573331,2573331,1531766,4303936,2618300,1685610,
David after dentist,age_proxy,reels_covid,115,63,52,42,25,17,73,38,35,36.5,39.7,32.7,428,569,361,440400,75422,882585,3,18,3,40608059,1913968,40608059,50646000,4751586,45894420,
Deez nuts,age_proxy,baseline,100,87,13,37,30,7,63,57,6,37,34.5,53.8,327,327,1239,119184,133241,25113,30,30,69,9605522,9605522,91707,11918400,11591967,326469,
Delulu,age_proxy,ai_gen,500,335,165,497,333,164,3,2,1,99.4,99.4,99.4,182384,206358,142118,1166592,1095554,1310821,60,693,60,44458206,44458206,32707139,583296000,367010590,216285465,
Do it for the vine,age_proxy,baseline,309,229,80,184,120,64,125,109,16,59.5,52.4,80,2599,1241,13276,5863253,3148888,13633121,3,3,46,658154681,521880569,658154681,1811745177,721095352,1090649680,
Doot doot (meme),age_proxy,baseline,182,160,22,69,60,9,113,100,13,37.9,37.5,40.9,468,504,304,81366,20761,522131,5,5,53,10866704,925294,10866704,14808612,3321760,11486882,
Doot doot (meme),age_proxy,ai_gen,89,83,6,78,73,5,11,10,1,87.6,88,83.3,2173,2148,267253,1830099,1917445,621815,8,8,295,64477085,64477085,2376546,162878811,159147935,3730890,
Down bad,age_proxy,ai_gen,223,74,149,203,65,138,20,9,11,91,87.8,92.6,14229,11541,14883,2079010,838050,2695325,8,8,15,180267043,25523604,180267043,463619230,62015700,401603425,
E-girl aesthetic,age_proxy,reels_covid,159,116,43,103,71,32,56,45,11,64.8,61.2,74.4,3249,2489,15329,1447562,161117,4917972,15,15,15,47834330,4988899,47834330,230162358,18689572,211472796,
Ermahgerd,age_proxy,baseline,131,49,82,58,15,43,73,34,39,44.3,30.6,52.4,402,100,1318,39061,21985,49265,2,6,2,594791,417901,594791,5116991,1077265,4039730,
Fail whale,age_proxy,baseline,121,65,56,63,27,36,58,38,20,52.1,41.5,64.3,1166,603,3498,234893,381681,64514,1,11,1,11774436,11774436,571018,28422053,24809265,3612784,
Fail whale,age_proxy,ai_gen,94,66,28,58,42,16,36,24,12,61.7,63.6,57.1,10251,5435,39342,955152,923230,1030398,0,0,1,11621737,11037050,11621737,89784288,60933180,28851144,
Fail whale,age_proxy,reels_covid,169,123,46,120,82,38,49,41,8,71,66.7,82.6,8367,5371,21272,2461724,2033646,3606367,2,2,52,64589043,64589043,60450687,416031356,250138458,165892882,
Fanum tax,age_proxy,ai_gen,500,471,29,300,288,12,200,183,17,60,61.1,41.4,2159,2231,438,530803,553799,157319,2,2,5,74298038,74298038,1796374,265401500,260839329,4562251,
FeelsBadMan,age_proxy,baseline,31,14,17,13,2,11,18,12,6,41.9,14.3,64.7,891,243,5865,26140,41044,13866,25,25,31,565071,565071,95028,810340,574616,235722,
FeelsGoodMan,age_proxy,baseline,13,5,8,6,2,4,7,3,4,46.2,40,50,89,89,700,5090,1922,7071,22,22,25,27382,5550,27382,66170,9610,56568,
Girl dinner,age_proxy,ai_gen,500,457,43,471,431,40,29,26,3,94.2,94.3,93,16463,14935,59537,1178102,1247822,437119,3,3,279,320362392,320362392,6242674,589051000,570254654,18796117,
Hawk Tuah,age_proxy,ai_gen,500,429,71,475,408,67,25,21,4,95,95.1,94.4,23008,22484,25346,267681,267380,269499,1,1,43,9692941,9562653,9692941,133840500,114706020,19134429,
Heckin chonker,age_proxy,ai_gen,1,1,0,0,0,,1,1,,0,0,,79,79,,79,79,,79,79,,79,79,,79,79,0,
Ight Imma head out,age_proxy,baseline,496,344,152,109,74,35,387,270,117,22,21.5,23,87,99,57,20234,9965,43475,0,0,0,1256513,569050,1256513,10036064,3427960,6608200,
Italian brainrot,age_proxy,ai_gen,500,349,151,467,323,144,33,26,7,93.4,92.6,95.4,4576773,6690366,3415505,15714191,19714976,6467343,1,1,1,431421932,431421932,91302607,7857095500,6880526624,976568793,
Kappa,age_proxy,baseline,500,155,345,493,148,345,7,7,0,98.6,95.5,100,68298,23754,114944,1173369,792471,1344497,17,17,1610,103792460,103792460,82221604,586684500,122833005,463851465,
Kappa,age_proxy,ai_gen,300,186,114,265,163,102,35,23,12,88.3,87.6,89.5,53012,39835,73036,668284,491755,956303,0,0,0,44923162,5265440,44923162,200485200,91466430,109018542,
Kappa,age_proxy,reels_covid,352,109,243,289,83,206,63,26,37,82.1,76.1,84.8,3493,2139,5147,282699,27003,397394,17,54,17,44923162,2282649,44923162,99510048,2943327,96566742,
Kekw,age_proxy,reels_covid,84,47,37,60,32,28,24,15,9,71.4,68.1,75.7,2443,1806,3882,66010,86370,40146,27,27,93,2699639,2699639,264411,5544840,4059390,1485402,
Kermit sipping tea,age_proxy,baseline,1,1,0,0,0,,1,1,,0,0,,143,143,,143,143,,143,143,,143,143,,143,143,0,
Keyboard cat,age_proxy,ai_gen,351,266,85,267,202,65,84,64,20,76.1,75.9,76.5,1609,1792,1470,148036,191099,13274,0,0,16,22949328,22949328,573243,51960636,50832334,1128290,
Leeroy Jenkins,age_proxy,baseline,140,71,69,43,19,24,97,52,45,30.7,26.8,34.8,225,241,180,8524,9640,7376,5,6,5,459596,459596,188069,1193360,684440,508944,
Ligma,age_proxy,baseline,103,73,30,58,43,15,45,30,15,56.3,58.9,50,1948,2089,813,191952,41106,559012,19,19,40,10675037,1041548,10675037,19771056,3000738,16770360,
Loss (meme),age_proxy,baseline,200,185,15,29,27,2,171,158,13,14.5,14.6,13.3,81,82,42,61846,66686,2147,1,1,5,9874980,9874980,19578,12369200,12336910,32205,
Malding,age_proxy,baseline,203,116,87,48,25,23,155,91,64,23.6,21.6,26.4,147,131,158,29513,6561,60117,0,0,0,3208754,174893,3208754,5991139,761076,5230179,
Malding,age_proxy,ai_gen,242,145,97,201,118,83,41,27,14,83.1,81.4,85.6,7225,6907,7372,203571,310466,43781,1,1,9,9128283,9128283,1100188,49264182,45017570,4246757,
Malding,age_proxy,reels_covid,275,167,108,87,36,51,188,131,57,31.6,21.6,47.2,262,140,807,25275,16597,38695,0,2,0,1385445,860646,1385445,6950625,2771699,4179060,
Mewing,age_proxy,ai_gen,500,443,57,473,416,57,27,27,0,94.6,93.9,100,176065,208015,110008,2891349,3120329,1111731,13,13,3727,91954667,91954667,10364122,1445674500,1382305747,63368667,
MonkaS,age_proxy,baseline,500,250,250,148,37,111,352,213,139,29.6,14.8,44.4,131,78,613,89590,10266,168913,8,8,9,6552512,530430,6552512,44795000,2566500,42228250,
N00b,age_proxy,baseline,116,25,91,7,1,6,109,24,85,6,4,6.6,9,14,9,5691,129,7219,0,2,0,322815,1239,322815,660156,3225,656929,
Nae nae,age_proxy,baseline,450,281,169,442,276,166,8,5,3,98.2,98.2,98.2,57709,53245,84516,5896273,1239529,13639144,10,77,10,2015494423,59516743,2015494423,2653322850,348307649,2305015336,
Netflix and chill,age_proxy,baseline,500,272,228,216,95,121,284,177,107,43.2,34.9,53.1,547,307,1460,138423,148494,126409,3,3,9,12569388,12569388,3426259,69211500,40390368,28821252,
Nyan Cat,age_proxy,baseline,350,203,147,328,189,139,22,14,8,93.7,93.1,94.6,8331,7350,9059,566305,657839,439901,116,116,449,33782600,33782600,33352064,198206750,133541317,64665447,
O RLY,age_proxy,baseline,53,23,30,21,7,14,32,16,16,39.6,30.4,46.7,552,515,775,822436,7155,1447484,0,7,0,36080862,42024,36080862,43589108,164565,43424520,
Ok boomer,age_proxy,baseline,300,174,126,204,97,107,96,77,19,68,55.7,84.9,5744,2012,27112,289338,273654,310997,8,8,21,16098360,16098360,6288911,86801400,47615796,39185622,
On Wednesdays we wear pink meme,age_proxy,baseline,6,3,3,4,2,2,2,1,1,66.7,66.7,66.7,1352,1247,1457,21482,36595,6368,154,441,154,108099,108099,17495,128892,109785,19104,
On Wednesdays we wear pink meme,age_proxy,ai_gen,24,23,1,15,15,0,9,8,1,62.5,65.2,0,2354,2470,38,395728,412932,38,15,15,38,9036711,9036711,38,9497472,9497436,38,
On Wednesdays we wear pink meme,age_proxy,reels_covid,35,34,1,24,23,1,11,11,0,68.6,67.6,100,7718,6612,13315732,4129137,3858943,13315732,72,72,13315732,44080980,44080980,13315732,144519795,131204062,13315732,
Only in Ohio meme,age_proxy,ai_gen,101,90,11,98,88,10,3,2,1,97,97.8,90.9,143931,151648,143931,4268265,4672074,964379,49,49,511,124746243,124746243,7759103,431094765,420486660,10608169,
Only in Ohio meme,age_proxy,reels_covid,250,245,5,246,241,5,4,4,0,98.4,98.4,100,43811,43390,447295,1251588,1266530,519400,28,28,4271,33453991,33453991,1296793,312897000,310299850,2597000,
Peanut butter jelly time,age_proxy,baseline,172,101,71,45,24,21,127,77,50,26.2,23.8,29.6,187,188,182,3772845,48026,9071530,2,2,12,387865613,3961708,387865613,648929340,4850626,644078630,
Peanut butter jelly time,age_proxy,ai_gen,87,86,1,79,78,1,8,8,0,90.8,90.7,100,9012,8945,153287,370075,372596,153287,99,99,153287,13524362,13524362,153287,32196525,32043256,153287,
Peanut butter jelly time,age_proxy,reels_covid,241,117,124,59,23,36,182,94,88,24.5,19.7,29,129,128,149,2013710,2897667,1179655,3,5,3,235724175,235724175,79271826,485304110,339027039,146277220,
Pepega,age_proxy,baseline,450,209,241,93,20,73,357,189,168,20.7,9.6,30.3,82,49,143,23195,2334,41286,1,1,2,3087621,220497,3087621,10437750,487806,9949926,
Pepega,age_proxy,reels_covid,500,191,309,74,14,60,426,177,249,14.8,7.3,19.4,67,43,89,14488,708,23005,0,4,0,1550387,34352,1550387,7244000,135228,7108545,
PogChamp,age_proxy,reels_covid,317,251,66,92,61,31,225,190,35,29,24.3,47,181,169,512,33510,21153,80500,1,1,14,2562313,1456699,2562313,10622670,5309403,5313000,
Poggers,age_proxy,reels_covid,500,347,153,401,272,129,99,75,24,80.2,78.4,84.3,3132,2533,5430,68434,55442,97898,1,1,66,3687699,2649723,3687699,34217000,19238374,14978394,
Press F to pay respects,age_proxy,baseline,168,61,107,47,13,34,121,48,73,28,21.3,31.8,142,81,227,42907,3766,65222,1,1,3,3094727,164536,3094727,7208376,229726,6978754,
Press F to pay respects,age_proxy,reels_covid,108,43,65,26,5,21,82,38,44,24.1,11.6,32.3,133,69,212,28659,1474,46642,1,1,1,2073903,43567,2073903,3095172,63382,3031730,
Reeee,age_proxy,baseline,398,240,158,78,47,31,320,193,127,19.6,19.6,19.6,86,121,49,20871,18709,24154,0,0,0,3810009,3810009,639265,8306658,4490160,3816332,
Reeee,age_proxy,reels_covid,188,105,83,28,20,8,160,85,75,14.9,19,9.6,27,45,12,94820,39968,164212,0,0,0,13348679,3292560,13348679,17826160,4196640,13629596,
Rekt,age_proxy,baseline,446,239,207,288,144,144,158,95,63,64.6,60.3,69.6,1834,1354,2650,55624,31520,83454,2,2,2,5617737,1388821,5617737,24808304,7533280,17274978,
Sad boi hours,age_proxy,baseline,74,47,27,17,10,7,57,37,20,23,21.3,25.9,227,245,209,10183576,8931,27894995,2,2,2,727027985,367592,727027985,753584624,419757,753164865,
Sad boi hours,age_proxy,reels_covid,100,52,48,32,12,20,68,40,28,32,23.1,41.7,188,155,329,2194964,337061,4207693,1,3,1,70566480,17387721,70566480,219496400,17527172,201969264,
Sadge,age_proxy,reels_covid,250,85,165,245,81,164,5,4,1,98,95.3,99.4,111740,146432,101422,945923,1362911,731111,145,555,145,45143700,23887726,45143700,236480750,115847435,120633315,
Sheesh (slang),age_proxy,ai_gen,2,1,1,2,1,1,0,0,0,100,100,100,7704938,15375302,34574,7704938,15375302,34574,34574,15375302,34574,15375302,15375302,34574,15409876,15375302,34574,
Sheesh (slang),age_proxy,reels_covid,12,8,4,6,4,2,6,4,2,50,50,50,1574,1574,8812,7429,5453,11381,101,101,658,27244,25265,27244,89148,43624,45524,
Sigma grindset,age_proxy,ai_gen,188,178,10,171,161,10,17,17,0,91,90.4,100,5113,5021,14996,302117,267081,925750,3,3,1733,10801815,10801815,4731312,56797996,47540418,9257500,
Sigma grindset,age_proxy,reels_covid,365,337,28,321,295,26,44,42,2,87.9,87.5,92.9,68673,68798,63860,701553,726494,401375,19,29,19,64923803,64923803,7207342,256066845,244828478,11238500,
Sksksk,age_proxy,baseline,487,291,196,46,27,19,441,264,177,9.4,9.3,9.7,27,34,16,27326,26119,29117,0,0,0,4124009,4124009,1487946,13307762,7600629,5706932,
Stonks,age_proxy,baseline,300,95,205,227,54,173,73,41,32,75.7,56.8,84.4,5903,1243,12368,186161,70536,239743,1,1,20,14417151,2705341,14417151,55848300,6700920,49147315,
Stonks,age_proxy,reels_covid,500,151,349,404,100,304,96,51,45,80.8,66.2,87.1,9451,1743,22388,190586,47069,252682,12,13,12,24850213,2705341,24850213,95293000,7107419,88186018,
Sugma,age_proxy,baseline,151,51,100,151,51,100,0,0,0,100,100,100,11260,6450,17121,135225,24875,191503,1036,1594,1036,9701275,672244,9701275,20418975,1268625,19150300,
Sugma,age_proxy,reels_covid,213,92,121,184,71,113,29,21,8,86.4,77.2,93.4,29837,28558,30707,286176,520284,108176,5,5,22,15019065,15019065,2650620,60955488,47866128,13089296,
Sugondese,age_proxy,baseline,159,104,55,39,28,11,120,76,44,24.5,26.9,20,183,276,116,91672,34978,198875,2,16,2,10675037,1129193,10675037,14575848,3637712,10938125,
Thot (slang),age_proxy,ai_gen,7,3,4,3,1,2,4,2,2,42.9,33.3,50,631,612,143288,1428525,3066730,199871,434,514,434,9199064,9199064,512476,9999675,9200190,799484,
Trollface,age_proxy,baseline,150,31,119,147,28,119,3,3,0,98,90.3,100,493300,52278,811098,2664123,1312161,3016315,85,85,1081,33352064,19928240,33352064,399618450,40676991,358941485,
U mad bro,age_proxy,baseline,188,115,73,76,40,36,112,75,37,40.4,34.8,49.3,455,297,686,3437290,1229059,6916009,0,0,5,414639441,49511836,414639441,646210520,141341785,504868657,
Understood the assignment,age_proxy,reels_covid,500,432,68,236,208,28,264,224,40,47.2,48.1,41.2,910,917,323,106405,117726,34488,0,0,16,12397221,12397221,1241712,53202500,50857632,2345184,
Updog,age_proxy,baseline,100,80,20,52,45,7,48,35,13,52,56.2,35,1118,1418,754,159169,190701,33039,1,1,23,13602689,13602689,508562,15916900,15256080,660780,
Updog,age_proxy,ai_gen,108,97,11,31,31,0,77,66,11,28.7,32,0,431,544,35,19453,21648,98,0,0,1,532672,532672,395,2100924,2099856,1078,
Updog,age_proxy,reels_covid,132,106,26,65,48,17,67,58,9,49.2,45.3,65.4,714,625,2216,59713,65658,35476,7,7,42,2235275,2235275,508553,7882116,6959748,922376,
VSCO girl,age_proxy,baseline,400,92,308,352,48,304,48,44,4,88,52.2,98.7,49007,1006,111712,340126,46829,427734,103,103,187,9687741,1796715,9687741,136050400,4308268,131742072,
Vibe check,age_proxy,baseline,200,171,29,86,72,14,114,99,15,43,42.1,48.3,598,602,472,69288,44651,214561,9,9,34,5340373,1009085,5340373,13857600,7635321,6222269,
Whomst,age_proxy,baseline,238,183,55,115,94,21,123,89,34,48.3,51.4,38.2,869,1201,462,369605,331314,497010,0,12,0,26905837,26905837,23611411,87965990,60630462,27335550,
Woman yelling at cat,age_proxy,baseline,425,244,181,317,161,156,108,83,25,74.6,66,86.2,10775,3264,36205,1331278,549447,2385238,9,16,9,85279153,33270481,85279153,565793150,134065068,431728078,
Wombo combo,age_proxy,baseline,355,277,78,76,62,14,279,215,64,21.4,22.4,17.9,191,212,120,15489,17011,10085,0,1,0,2862047,2862047,384280,5498595,4712047,786630,
Wombo combo,age_proxy,ai_gen,295,240,55,193,161,32,102,79,23,65.4,67.1,58.2,1512,1440,1793,18860,20356,12335,1,1,3,2881090,2881090,169047,5563700,4885440,678425,
Wombo combo,age_proxy,reels_covid,106,67,39,19,9,10,87,58,29,17.9,13.4,25.6,93,77,135,16680,23680,4654,7,7,11,904539,904539,100533,1768080,1586560,181506,
Zoomer generation,age_proxy,baseline,248,114,134,187,59,128,61,55,6,75.4,51.8,95.5,92024,1494,210593,1436711,1348176,1512032,4,4,35,116011557,116011557,26103772,356304328,153692064,202612288,
Zoomer generation,age_proxy,ai_gen,56,43,13,48,38,10,8,5,3,85.7,88.4,76.9,422860,501789,212867,3154290,3967776,463528,5,5,45,53894753,53894753,1924774,176640240,170614368,6025864,
Zoomer generation,age_proxy,reels_covid,50,32,18,25,10,15,25,22,3,50,31.2,83.3,6411,79,149935,1022312,853695,1322075,8,8,68,24091150,24091150,18955841,51115600,27318240,23797350,
bussin,age_proxy,ai_gen,110,73,37,54,43,11,56,30,26,49.1,58.9,29.7,900,1775,343,185924,276882,6466,0,0,3,13736553,13736553,77837,20451640,20212386,239242,
bussin,age_proxy,reels_covid,450,315,135,318,235,83,132,80,52,70.7,74.6,61.5,48464,95587,27410,1940442,2453282,743816,2,2,3,79775060,79775060,35796380,873198900,772783830,100415160,
cheugy,age_proxy,reels_covid,308,98,210,180,54,126,128,44,84,58.4,55.1,60,2016,1492,2327,130453,46201,169770,0,9,0,3504407,2945165,3504407,40179524,4527698,35651700,
gyat,age_proxy,ai_gen,400,379,21,366,345,21,34,34,0,91.5,91,100,39346,38643,162916,1195992,1216215,831023,10,10,3113,57317907,57317907,4466023,478396800,460945485,17451483,
lit,age_proxy,baseline,486,104,382,402,66,336,84,38,46,82.7,63.5,88,30874,12746,34241,1219941,2005359,1006110,2,2,2,141639871,104036184,141639871,592891326,208557336,384334020,
lit,age_proxy,ai_gen,500,269,231,484,259,225,16,10,6,96.8,96.3,97.4,93548,103382,79610,2032076,1435731,2726521,0,50,0,350196415,95727685,350196415,1016038000,386211639,629826351,
lit,age_proxy,reels_covid,500,123,377,491,121,370,9,2,7,98.2,98.4,98.1,235260,419715,213722,4929391,1980388,5891533,4,4,8,521385567,65075664,521385567,2464695500,243587724,2221107941,
no cap,age_proxy,baseline,221,110,111,202,97,105,19,13,6,91.4,88.2,94.6,1229638,1239991,1209797,10730740,7796806,13638242,3,3,4,303833300,233013737,303833300,2371493540,857648660,1513844862,
no cap,age_proxy,ai_gen,500,337,163,439,286,153,61,51,10,87.8,84.9,93.9,16772,11752,31030,536688,358687,904702,4,4,31,101684293,13954680,101684293,268344000,120877519,147466426,
no cap,age_proxy,reels_covid,500,227,273,450,200,250,50,27,23,90,88.1,91.6,1602059,1168886,2100833,15595102,9839655,20380766,2,4,2,482959912,137895006,482959912,7797551000,2233601685,5563949118,
on fleek,age_proxy,baseline,368,188,180,127,33,94,241,155,86,34.5,17.6,52.2,159,90,1503,731407,4241,1490892,2,2,7,157753791,369470,157753791,269157776,797308,268360560,
rizz,age_proxy,ai_gen,500,387,113,456,347,109,44,40,4,91.2,89.7,96.5,940145,1053269,721282,6470003,7925982,1483598,0,0,45,309409702,309409702,22102751,3235001500,3067355034,167646574,
rizz,age_proxy,reels_covid,443,363,80,434,354,80,9,9,0,98,97.5,100,36291,33167,58593,573147,611212,400427,23,23,1398,42244961,42244961,9674796,253904121,221869956,32034160,
simp,age_proxy,reels_covid,500,173,327,407,131,276,93,42,51,81.4,75.7,84.4,116963,45968,159076,1357067,995504,1548353,5,5,7,127721420,60070442,127721420,678533500,172222192,506311431,
skibidi toilet,age_proxy,ai_gen,500,281,219,491,273,218,9,8,1,98.2,97.2,99.5,8011642,16093326,6009501,26047598,34028480,15807288,8,8,32,261021759,243938143,261021759,13023799000,9562002880,3461796072,
sus among us,age_proxy,reels_covid,400,149,251,382,143,239,18,6,12,95.5,96,95.2,396269,951757,266291,14908504,24151344,9421719,9,17,9,450525263,450525263,152807204,5963401600,3598550256,2364851469,
throw shade,age_proxy,baseline,50,29,21,25,12,13,25,17,8,50,41.4,61.9,882,254,4910,218795,27074,483554,5,5,143,5372550,654347,5372550,10939750,785146,10154634,
throw shade,age_proxy,ai_gen,217,150,67,84,54,30,133,96,37,38.7,36,44.8,612,628,396,80513,6855,245419,0,0,0,6052484,389117,6052484,17471321,1028250,16443073,
throw shade,age_proxy,reels_covid,300,103,197,106,37,69,194,66,128,35.3,35.9,35,277,322,235,708556,399222,870289,1,1,1,62878227,32101411,62878227,212566800,41119866,171446933,
yeet,age_proxy,baseline,494,281,213,300,152,148,194,129,65,60.7,54.1,69.5,1854,1097,4238,185745,37629,381146,0,0,0,33892383,3770719,33892383,91758030,10573749,81184098,
yeet,age_proxy,reels_covid,371,224,147,67,42,25,304,182,122,18.1,18.8,17,109,142,96,63015,7918,146972,5,10,5,3246442,482307,3246442,23378565,1773632,21604884,
Weeb,age_proxy,baseline,207,136,71,65.7,45572491,3515,220156,3,14712044,66,24,42,36.4,33149630,273,502267,3,14712044,141,112,29,79.4,12422861,5606,103969269,408,1044555124,
Weeb,age_proxy,reels_covid,496,476,20,96,1684710553,309286,3396593,5,247621125,95,91,4,95.8,805852270,116563,8482655,10,247621125,401,385,16,96,878858283,367749,4207396880,4760,4952422500,
Otaku,age_proxy,baseline,200,195,5,97.5,98392783,16343,491963,26,25822359,58,56,2,96.6,22783262,6379,392814,845,13528278,142,139,3,97.9,75609521,22416,78562800,164775,67641390,
Otaku,age_proxy,reels_covid,265,180,85,67.9,10208838,3161,38523,1,612630,134,94,40,70.1,4208485,3314,31406,99,612630,131,86,45,65.6,6000353,2793,8322590,17820,52073550,
Otaku,age_proxy,ai_gen,500,493,7,98.6,285645637,140625,571291,28,19023763,384,377,7,98.2,256019123,118100,666716,28,19023763,116,116,0,100,29626514,163791,333358000,13804,133166341,
Waifu,age_proxy,reels_covid,500,484,16,96.8,166959857,86093,333919,4,33217018,219,208,11,95,53347780,65847,243597,4,6930100,281,276,5,98.2,113612077,113634,121798500,1936,110881600,
Waifu,age_proxy,ai_gen,497,320,177,64.4,355714699,4971,715723,1,44269733,420,251,169,59.8,320901422,2308,764051,1,44269733,77,69,8,89.6,34813277,110440,379733347,320,7835742741,
Baka,age_proxy,baseline,372,141,231,37.9,216360383,352,581613,3,66719416,166,47,119,28.3,111625027,251,672439,7,66719416,206,94,112,45.6,104735356,661,250147308,987,15412185096,
Baka,age_proxy,reels_covid,500,493,7,98.6,1077067512,268595,2154135,64,220724516,216,209,7,96.8,533520494,251624,2470002,64,103204342,284,284,0,100,543547018,290022,1235001000,31552,722430394,
Baka,age_proxy,ai_gen,367,334,33,91,362163776,40220,986822,4,47787297,182,154,28,84.6,177920646,34680,977585,4,47787297,185,180,5,97.3,184243130,43659,358773695,1336,1576980801,
Kawaii,age_proxy,baseline,500,489,11,97.8,1241779634,353390,2483559,11,190630208,78,69,9,88.5,136660504,198970,1752057,11,39664332,422,420,2,99.5,1105119130,395595,876028500,5379,436307652,
Kawaii,age_proxy,reels_covid,500,465,35,93,1825254007,191177,3650508,66,188675563,223,190,33,85.2,892974500,22474,4004369,66,121649139,277,275,2,99.3,932279507,329216,2002184500,30690,4257719865,
Kawaii,age_proxy,ai_gen,500,497,3,99.4,1879384379,512438,3758768,316,145460077,453,450,3,99.3,1771858445,570386,3911387,316,145460077,47,47,0,100,107525934,466746,1955693500,157052,436380231,
Maknae,age_proxy,baseline,500,472,28,94.4,810775292,39686,1621550,0,403676961,194,174,20,89.7,51489376,19942,265409,0,10657588,306,298,8,97.4,759285916,71175,132704500,0,298412464,
Maknae,age_proxy,reels_covid,500,436,64,87.2,159950770,13905,319901,2,31063602,184,139,45,75.5,131155907,4255,712803,2,31063602,316,297,19,94,28794863,20988,356401500,872,1988070528,
Maknae,age_proxy,ai_gen,500,434,66,86.8,70917470,18107,141834,3,6906023,483,422,61,87.4,70397970,19024,145751,3,6906023,17,12,5,70.6,519500,10252,72875500,1302,455797518,
Aegyo,age_proxy,baseline,500,497,3,99.4,155194561,67578,310389,295,8790977,274,273,1,99.6,73366354,45048,267760,615,8790977,226,224,2,99.1,81828207,104598,133880000,305655,26372931,
Aegyo,age_proxy,reels_covid,494,290,204,58.7,15417232,1774,31208,3,2266375,346,185,161,53.5,9245822,1108,26722,4,2266375,148,105,43,70.9,6171410,7658,13200668,1160,462340500,
Aegyo,age_proxy,ai_gen,500,432,68,86.4,51672222,5174,103344,2,9326271,486,422,64,86.8,51595394,5247,106163,2,9326271,14,10,4,71.4,76828,2347,53081500,864,634186428,
Bias wrecker,age_proxy,reels_covid,500,405,95,81,12572365,2159,25144,2,5275340,474,380,94,80.2,11870671,2083,25043,2,5275340,26,25,1,96.2,701694,10690,12521500,810,501157300,
Bias wrecker,age_proxy,ai_gen,245,111,134,45.3,1731026,804,7065,1,674312,219,101,118,46.1,1637727,804,7478,1,674312,26,10,16,38.5,93299,870,1832110,111,90357808,
PLUR,age_proxy,baseline,170,69,101,40.6,6883407,509,40490,3,2044019,57,20,37,35.1,406380,412,7129,3,329692,113,49,64,43.4,6477027,657,1211930,207,33298892,
PLUR,age_proxy,reels_covid,228,109,119,47.8,188067329,756,824856,0,34643033,96,16,80,16.7,3487770,54,36330,0,1665435,132,93,39,70.5,184579559,7484,8283240,0,198186765,
PLUR,age_proxy,ai_gen,500,365,135,73,119799825,11036,239599,0,16526653,437,338,99,77.3,85507240,15956,195668,1,15701488,63,27,36,42.9,34292585,449,97834000,365,2119700880,
Kandi,age_proxy,baseline,300,291,9,97,745158926,36595,2483863,254,697295360,154,146,8,94.8,19772437,25141,128392,254,1683575,146,145,1,99.3,725386489,47112,38517600,73914,15152175,
Kandi,age_proxy,reels_covid,49,33,16,67.3,2103755,7236,42933,10,503840,7,5,2,71.4,593661,17057,84808,10,494272,42,28,14,66.7,1510094,5323,4155592,330,7908352,
Kandi,age_proxy,ai_gen,95,88,7,92.6,22517753,59744,237028,10,7768695,52,51,1,98.1,19246616,76900,370127,10,7768695,43,37,6,86,3271137,31895,35162065,880,54380865,
Kiki,age_proxy,baseline,500,386,114,77.2,2086677801,23106,4173355,7,522451366,312,227,85,72.8,85070692,13034,272662,7,10993597,188,159,29,84.6,2001607109,136991,136331000,2702,1253270058,
Gacha,age_proxy,baseline,412,327,85,79.4,457504118,301311,1110446,7,20020944,161,109,52,67.7,71171125,64582,442056,7,8123717,251,218,33,86.9,386332993,739697,182127072,2289,690515945,
Gacha,age_proxy,reels_covid,500,476,24,95.2,4417839261,3437009,8835678,1,895642780,266,251,15,94.4,3226822477,4553558,12130911,7,895642780,234,225,9,96.2,1191016784,2720591,6065455500,3332,21495426720,
Gacha,age_proxy,ai_gen,451,389,62,86.3,667005555,172442,1478948,6,56069495,325,268,57,82.5,552665155,11418,1700508,6,56069495,126,121,5,96,114340400,398060,766929108,2334,3476308690,
Dark academia,age_proxy,reels_covid,500,444,56,88.8,1033026819,125769,2066053,13,241108631,133,90,43,67.7,615098796,17854,4624802,14,241108631,367,354,13,96.5,417928023,176262,2312401000,6216,13502083336,
Dark academia,age_proxy,ai_gen,250,233,17,93.2,571238821,33860,2284955,5,143729438,144,131,13,91,316357760,45554,2196928,5,39732400,106,102,4,96.2,254881061,21049,549232000,1165,675450800,
Cottagecore,age_proxy,reels_covid,104,41,63,39.4,15707039,490,151029,2,7879430,41,8,33,19.5,101915,94,2485,2,42501,63,33,30,52.4,15605124,1318,258440,82,2677563,
Cottagecore,age_proxy,ai_gen,186,161,25,86.6,42834216,3053,230291,1,26276889,157,133,24,84.7,36864093,2629,234803,1,26276889,29,28,1,96.6,5970123,22274,43673358,161,656922225,
Vaporwave,age_proxy,baseline,500,494,6,98.8,290050315,87529,580100,441,30626309,43,40,3,93,6837677,22876,159015,441,1785755,457,454,3,99.3,283212638,93074,79507500,217854,10714530,
Isekai,age_proxy,reels_covid,100,94,6,94,14230525,18279,142305,10,3354604,66,63,3,95.5,10047405,17049,152233,10,3354604,34,31,3,91.2,4183120,21833,15223300,940,20127624,
Vaporwave,age_proxy,reels_covid,364,142,222,39,44133681,501,121246,5,30626309,102,21,81,20.6,2007982,330,19686,9,1785755,262,121,141,46.2,42125699,685,7165704,1278,396437610,
Vaporwave,age_proxy,ai_gen,199,126,73,63.3,40109000,1346,201552,0,30626309,97,71,26,73.2,2160431,1549,22272,0,1785755,102,55,47,53.9,37948569,1058,4432128,0,130360115,
OTP,age_proxy,baseline,200,190,10,95,15424147,26614,77120,111,2329640,98,91,7,92.9,8531814,25646,87059,244,2329640,102,99,3,97.1,6892333,26917,17411800,46360,23296400,
OTP,age_proxy,reels_covid,500,485,15,97,497405565,46424,994811,58,101778619,251,240,11,95.6,157996388,43773,629467,58,75529452,249,245,4,98.4,339409177,48443,314733500,28130,1132941780,
OTP,age_proxy,ai_gen,500,454,46,90.8,422440081,29213,844880,18,258121558,224,195,29,87.1,380244592,39536,1697520,18,258121558,276,259,17,93.8,42195489,22752,848760000,8172,11873591668,
Headcanon,age_proxy,ai_gen,167,66,101,39.5,10548948,604,63167,1,4793137,132,48,84,36.4,10422122,572,78955,4,4793137,35,18,17,51.4,126826,1109,13185485,264,484106837,
Brony,age_proxy,baseline,363,340,23,93.7,138058387,27129,380326,6,39974843,106,94,12,88.7,72371088,15135,682746,6,39974843,257,246,11,95.7,65687299,39714,247836798,2040,919421389,
Scene kid,age_proxy,baseline,395,296,99,74.9,6681703717,146101,16915705,3,753241521,188,124,64,66,836926431,14429,4451736,3,160743549,207,172,35,83.1,5844777286,2010749,1758435720,888,15913611351,
Scene kid,age_proxy,reels_covid,500,479,21,95.8,5393039122,502888,10786078,10,803059818,289,275,14,95.2,4055076213,381752,14031405,23,803059818,211,204,7,96.7,1337962909,814994,7015702500,11017,16864256178,
Scene kid,age_proxy,ai_gen,327,308,19,94.2,6133421295,672253,18756640,2,819229319,256,242,14,94.5,4034669314,634558,15760427,2,819229319,71,66,5,93,2098751981,888835,5153659629,616,15565357061,
Isekai,age_proxy,ai_gen,500,481,19,96.2,240378090,73226,480756,16,28090391,264,255,9,96.6,75429006,68591,285715,16,9014323,236,226,10,95.8,164949084,77081,142857500,7696,171272137,
Shonen,age_proxy,baseline,312,177,135,56.7,98129250,2900,314516,7,22748645,138,58,80,42,10660798,391,77252,9,2289867,174,119,55,68.4,87468452,6706,24102624,1593,309132045,
Shonen,age_proxy,reels_covid,400,376,24,94,261067649,79294,652669,12,24796191,106,91,15,85.8,97640815,148586,921139,12,9413877,294,285,9,96.9,163426834,74665,368455600,4512,225933048,
Shonen,age_proxy,ai_gen,250,239,11,95.6,89733148,23704,358932,123,10777564,113,109,4,96.5,83282538,118419,737013,202,10777564,137,130,7,94.9,6450610,12357,184253250,48278,118553204,
Senpai,age_proxy,baseline,350,308,42,88,2006882956,258480,5733951,5,1499283749,131,107,24,81.7,212240744,62087,1620158,31,40776742,219,201,18,91.8,1794642212,430875,567055300,9548,1712623164,
Senpai,age_proxy,reels_covid,500,434,66,86.8,689474971,291326,1378949,5,29667906,292,249,43,85.3,429064162,178647,1469397,5,29414113,208,185,23,88.9,260410809,432813,734698500,2170,1941331458,
Senpai,age_proxy,ai_gen,500,500,0,100,384763567,246116,769527,1120,29667906,310,310,0,100,207097730,146356,668057,1120,12683258,190,190,0,100,177665837,435888,334028500,560000,0,
Tsundere,age_proxy,ai_gen,275,268,7,97.5,9286646,2955,33769,182,3426934,252,248,4,98.4,8945351,2866,35497,182,3426934,23,20,3,87,341295,7945,9761675,48776,23988538,
Yandere,age_proxy,baseline,500,500,0,100,1788811042,1695968,3577622,3790,65059871,93,93,0,100,345860213,382221,3718927,3790,65059871,407,407,0,100,1442950829,2035246,1859463500,1895000,0,
Yandere,age_proxy,reels_covid,450,450,0,100,455685332,330637,1012634,1440,57929799,57,57,0,100,97636763,219996,1712925,2157,57929799,393,393,0,100,358048569,332634,770816250,970650,0,
Yandere,age_proxy,ai_gen,500,490,10,98,1032817490,765875,2065634,21,46276506,299,294,5,98.3,781899424,1064246,2615048,46,46276506,201,196,5,97.5,250918066,434709,1307524000,22540,462765060,
Chibi,age_proxy,baseline,500,489,11,97.8,39389294,17268,78778,49,2231673,165,155,10,93.9,11337505,17144,68712,217,1121580,335,334,1,99.7,28051789,17480,34356000,106113,12337380,
Chibi,age_proxy,reels_covid,134,100,34,74.6,15690815,1592,117095,95,4257855,114,87,27,76.3,4958546,1555,43496,138,2996585,20,13,7,65,10732269,2017,5828464,13800,101883890,
Chibi,age_proxy,ai_gen,377,334,43,88.6,989274936,22193,2624071,4,282462061,290,250,40,86.2,223439538,15191,770481,4,112892667,87,84,3,96.6,765835398,60244,290471337,1336,4854384681,
Best girl,age_proxy,ai_gen,496,465,31,93.8,2325554927,262633,4688618,0,263652701,354,335,19,94.6,1865459685,325922,5269660,0,193011174,142,130,12,91.5,460095242,210045,2613751360,0,5983346394,
Fursona,age_proxy,baseline,381,249,132,65.4,28465011,2154,74711,52,4186503,131,80,51,61.1,13005565,1640,99279,56,2436164,250,169,81,67.6,15459446,2424,37825299,13944,321573648,
Fursona,age_proxy,reels_covid,250,171,79,68.4,50350534,2472,201402,8,31085866,82,50,32,61,33129167,1431,404014,116,31085866,168,121,47,72,17221367,2889,101003500,19836,2455783414,
Fursona,age_proxy,ai_gen,398,333,65,83.7,229296859,48267,576122,0,26464267,273,228,45,83.5,151973447,60333,556679,0,26464267,125,105,20,84,77323412,33636,221558242,0,1720177355,
Cosplay,age_proxy,baseline,350,345,5,98.6,7155467202,226985,20444192,66,2286790933,109,106,3,97.2,219380331,124343,2012663,66,48335159,241,239,2,99.2,6936086871,297725,704432050,22770,241675795,
Cosplay,age_proxy,reels_covid,500,434,66,86.8,1956183788,9923,3912367,0,176944688,421,355,66,84.3,1806208663,4326,4290281,0,176944688,79,79,0,100,149975125,381963,2145140500,0,11678349408,
Cosplay,age_proxy,ai_gen,499,493,6,98.8,3556362484,786367,7126978,203,546575479,487,481,6,98.8,3536441063,845411,7261685,203,546575479,12,12,0,100,19921421,277474,3623580815,100079,3279452874,
Werk,age_proxy,baseline,400,269,131,67.2,6706626,2352,16766,2,1722232,160,101,59,63.1,1245919,1877,7786,2,544202,240,168,72,70,5460707,2596,3114400,538,71290462,
Werk,age_proxy,reels_covid,37,25,12,67.6,274922,2176,7430,65,86258,12,5,7,41.7,32393,978,2699,173,18829,25,20,5,80,242529,2716,99863,4325,225948,
Werk,age_proxy,ai_gen,500,333,167,66.6,18273801,1858,36547,0,5274487,282,208,74,73.8,15402360,2348,54618,0,5274487,218,125,93,57.3,2871441,1716,27309000,0,880839329,
